nit;nombre;codTipoId;codSede;direccion;municipio;codMunicipioRndc;latitud;longitud;telefono;rol
8903002343;ASHE S.A.S.;N;QUINTA;PARQUE INDUSTRIAL DE BUCARAMANGA VíA PALENQUE KM 3, MANZANA;BUCARAMANGA SANTANDER;68001000;7.110300;-74;3155361888;
9014044647;MADEIROS L&D SAS;N;PRINCI;CARRERA 7A # 27-47;OCAÑA NORTE DE SANTANDER;54498000;8.226524;-73.341486;;
9010299782;GESTIÓN AMBIENTAL VILLAPAPEL;N;SJORGE;VíA BOGOTá - IBAGUé, KM 16.94 SOACHA - GRANADA, SAN JOSE BAJ;SOACHA CUNDINAMARCA;25754000;4.52824;-74.34532;;
8909378655;COMPAÑIA DE MOLDURAS Y LAZOS SAS;N;PRINCI;CL 48   57   96;MEDELLIN ANTIOQUIA;05001000;6.250781;-75.576042;;
9003825907;CORPORACION ABURRA LIMPIO;N;BOGO;AV CUIDAD DE CALI 13A#-81 KENNDY;BOGOTA BOGOTA D. C.;11001000;4.655614;-74.141327;;
9002265236;ESTRADEZ SAS;N;PRIN;CR 38# 38-01;MEDELLIN ANTIOQUIA;05001000;6.265966;-75.549293;;
9007850730;NATURAL LOGISTC SAS;N;PRINC;CALLE 29 # 10-323 BARRIO LAS NIEVES;BARRANQUILLA ATLANTICO;08001000;10.951648;-74.784360;;
9016573866;C.L MORACA BIENES SAS;N;PRINC;AV 4 NRO.1-39 LOCAL 5 URB. PORTAL DE SANTA BARBARA;CUCUTA NORTE DE SANTANDER;54001000;7.905812;-72.476030;;
8909323898;TERNIUM DEL CAUCA;N;PRINC;íA PARQUE IND DEL CAUCA PUERTO TEJADA, CAUCA;PUERTO TEJADA CAUCA;19573000;3.209131;-76.423253;;
9014557062;ECOAMBIENTAL RECICLAJE S.A.S.;N;ALTI;CRA. 1, A 2B #SUR-34, SOACHA, CUNDINAMARCA, COLOMBIA;SOACHA CUNDINAMARCA;25754000;4.589729;-74.185956;;
9010299782;GESTIÓN AMBIENTAL VILLAPAPEL;N;gran;GRANADA;GRANADA CUNDINAMARCA;25312000;4.528036;-74.345782;;
9010299782;GESTIÓN AMBIENTAL VILLAPAPEL;N;SOACHA;SOACHA;SOACHA CUNDINAMARCA;25754000;4.545230;-74.244633;;
9006261863;RECICLAJES BOGOTA N.S. S.A.S.;N;SOA;SOACHA, CUNDINAMARCA;SOACHA CUNDINAMARCA;25754000;4.589646;-74.186650;;
8600296432;LELLER SAS;N;SECUND;BOGOTA;BOGOTA BOGOTA D. C.;11001000;4.618656;-74.091448;;
9006261863;RECICLAJES BOGOTA N.S. S.A.S.;N;ALTI;CAZUCA;SOACHA CUNDINAMARCA;25754000;4.589674;-74.186189;;
9006261863;RECICLAJES BOGOTA N.S. S.A.S.;N;CHU;SOACHA CHUSACA;SOACHA CUNDINAMARCA;25754000;4.54396;-74.2455;;
9006261863;RECICLAJES BOGOTA N.S. S.A.S.;N;centro;PUENTE ARANDA,;BOGOTA BOGOTA D. C.;11001000;4.621670;-74.105380;;
9010125058;TOLUA MADERAS Y HERRAJES SAS;N;BARRA;SOLEDAD ATLáNTICO;BARRANQUILLA ATLANTICO;08001000;10.89021;-74.76956;;
9011530345;APROREC S.A.S;N;bomba;SOACHA;SOACHA CUNDINAMARCA;25754000;4.54391;-74.24538;;
9011530345;APROREC S.A.S;N;MELGAR;VTE IBAGUé - MELGAR, KM 15.63 CHAGUALA AFUERA - FLANDES, PUE;MELGAR TOLIMA;73449000;4.23953;-74.89401;;
8301224323;RECOLAM S.EN C.;N;bomba;SOACHA CHUSACA;SOACHA CUNDINAMARCA;25754000;4.54391;-74.24538;;
10720264087;MAXX PISOS;N;PRINC;AC 72 # 83-81;BOGOTA BOGOTA D. C.;11001000;4.69448;-74.10444;;
142416810;LITOIMAGEN IMPRESORES;N;PRINC;CL. 13 #4-62, IBAGUé, TOLIMA;IBAGUE TOLIMA;73001000;4.44469;-75.23881;;
9006261863;RECICLAJES BOGOTA N.S. S.A.S.;N;ARGOS;CL 55 #42 A 4-194, SOACHA, CUNDINAMARCA, COLOMBIA;SOACHA CUNDINAMARCA;25754000;4.59048;-74.18614;;
9014557062;ECOAMBIENTAL RECICLAJE S.A.S.;N;ARGOS;CL 55 #42 A 4-194, SOACHA, CUNDINAMARCA, COLOMBIA;SOACHA CUNDINAMARCA;25754000;4.59048;-74.18614;;
9006446807;BODEGAS DE RECICLAJES SAS;N;ARGOS;CL 55 #42 A 4-194, SOACHA, CUNDINAMARCA, COLOMBIA;SOACHA CUNDINAMARCA;25754000;4.59048;-74.18614;;
9006261863;RECICLAJES BOGOTA N.S. S.A.S.;N;TOC;VíA RURAL TIBITO, TIBITO;TOCANCIPA CUNDINAMARCA;25817000;4.94616;-73.958;;
9017596923;SUMINISTROS EMPAQUES Y PAPEL DE COLOMBIA SAS;N;PRINCI;CRA 51 C 67-39 BARRIO SEVILLA MEDELLíN;MEDELLIN ANTIOQUIA;05001000;6.2641;-75.5650;;
8903193732;SUMINISTROS EMPAQUES Y PAPEL DE COLOMBIA SAS;N;PRINCI;CRA 51 C 67-39 BARRIO SEVILLA MEDELLíN;MEDELLIN ANTIOQUIA;05001000;6.2641;-75.5650;;
9010688021;RECICLAMAS GESTORES AMBIENTALES SAS;N;CUAR;CLL 12, ZONA INDUSTRIAL DE CAUCA, COMUNA 5, SOACHA, CUNDINAM;SOACHA CUNDINAMARCA;25754000;4.58855;-74.18642;;
9009843778;DHC COMPANY SAS;N;PRINCI;BOGOTA;BOGOTA BOGOTA D. C.;11001000;;;;
9014557062;ECOAMBIENTAL RECICLAJE S.A.S.;N;CUA;TV 4, 6, ZONA INDUSTRIAL DE CAUCA, COMUNA 5, SOACHA, CUNDINA;SOACHA CUNDINAMARCA;25754000;4.58987;-74.18636;;
9018325135;EMSAMBLA GROUP SAS;N;PRINCI;CR 42 A 17-98;DUITAMA BOYACA;15238000;5.81953;-73.03319;;
9019883945;INVERSIONES MADERSOSA SAS;N;PRINC;CRA 103 C #138-40;BOGOTA BOGOTA D. C.;11001000;4.74068;-74.09644;;
9020239621;SAGITTA GROUP SAS;N;PRINCI;PARQUE EMPRESARIAL ROBLES 4 BG 7 / COTA;COTA CUNDINAMARCA;25214000;4.764206;-74.147287;;
9012591894;PLACA CENTER SAS;N;PRINCI;CALLE 78# 51-78 MIRANDA MEDELLIN;MEDELLIN ANTIOQUIA;05001000;6.27276;-75.56317;;
9006210404;RANURADOS Y MADERAS SAS;N;PRIN;ALMACEN CRA 16 NO. 13-27 - BOGOTA;BOGOTA BOGOTA D. C.;11001000;4.60649;-74.08156;;
9006446807;BODEGAS DE RECICLAJES SAS;N;CAZCRU;TV 4, 12, ZONA INDUSTRIAL DE CAUCA, COMUNA 5, SOACHA, CUNDIN;SOACHA CUNDINAMARCA;25754000;4.589586;-74.186733;;
9006261863;RECICLAJES BOGOTA N.S. S.A.S.;N;CUADRA;ZONA INDUSTRIAL DE CAUCA;SOACHA CUNDINAMARCA;25754000;4.589677;-74.186466;;
9006261863;RECICLAJES BOGOTA N.S. S.A.S.;N;CAZUBO;SOACHA, CUNDINAMARCA;SOACHA CUNDINAMARCA;25754000;4.592217;-74.192310;;
9006446807;BODEGAS DE RECICLAJES SAS;N;bom;TV 6D, 5, LAS ACACIAS II, COMUNA 5;SOACHA CUNDINAMARCA;25754000;4.591404;-74.192281;;
9014557062;ECOAMBIENTAL RECICLAJE S.A.S.;N;BOM;TV 7, 6, ZONA INDUSTRIAL DE CAUCA, COMUNA 5;SOACHA CUNDINAMARCA;25754000;4.592189;-74.192111;;
9013635901;C.A.M.R CONSTRUCCIONES SAS;N;PRINCI;CARRERA 24 CON CALLE 08-3;MEDELLIN ANTIOQUIA;05001000;6.24354;-75.54347;;
9016734861;CONSTRUDISEÑOS AI SAS;N;1;DIAGONAL 45 SUR N° 20-62;BOGOTA BOGOTA D. C.;11001000;4.574056;-74.125500;;
801634991;JAMES NIÑO ARNULFO;N;PRINCI;MADRID;MADRID CUNDINAMARCA;25430000;;;;
11011770498;DEKORANDO J&N;N;PRIN;CALLE 46 SUR 19A-07;BOGOTA BOGOTA D. C.;11001000;4.57130;-74.12559;;
9001087221;DISCERCOL GROUP;N;SECUND;FACA KR 1 # 6 - 24 SOBRE LA AVENIDA ENSEGUIDA DEL TERMINAL;FACATATIVA CUNDINAMARCA;25269000;4.80934;-74.35541;;
9001087221;DISCERCOL GROUP;N;PRINCI;CARRERA 7 47 41;SOACHA CUNDINAMARCA;25754000;4.59281;-74.19358;;
8903231147;FUNDIMETAL DE COLOMBIA S A S;N;PRINCI;CALLE 2 TV 0 154 CGTO PARCELACION INDUSTRIAL LA DOLORES;CALI VALLE DEL CAUCA;76001000;3.49720;-76.48296;;
9017096786;SOLUCIONES INTEGRALES C&G SAS;N;PRINC;CARRERA 26 SUR 5 171;NEIVA HUILA;41001000;2.89879;-75.26784;;
9010125058;TOLUA MADERAS Y HERRAJES SAS;N;MAN;CARRERA 25 17 02;MANIZALES CALDAS;17001000;5.06578;-75.52073;;
8902048033;COIMPRESIONES DEL ORIENTE;N;SECUND;AV6 13-99 CENTRO CúCUTA, NORTE DE SANTANDER;CUCUTA NORTE DE SANTANDER;54001000;7.88295;-72.50404;;
9002257822;SERVIMEZCLAS CENTER SAS;N;PRINC;CARRERA 8 11 104;CHIQUINQUIRA BOYACA;15176000;5.61310;-73.81785;;
9003743661;PISOS Y ENCHAPES EUROCARIBE SAS;N;TERC;MEDELLIN-EUROCARIBE SAN BENITO 4;MEDELLIN ANTIOQUIA;05001000;6.25286;-75.57375;;
9003743661;PISOS Y ENCHAPES EUROCARIBE SAS;N;SECUND;CALLE 44 # 90A - 91 MEDELLíN.;MEDELLIN ANTIOQUIA;05001000;6.25308;-75.60889;;
9003743661;PISOS Y ENCHAPES EUROCARIBE SAS;N;PRINCI;CR 52 8 B SUR 40;MEDELLIN ANTIOQUIA;05001000;6.16356;-75.61410;3107788934;
9006261863;RECICLAJES BOGOTA N.S. S.A.S.;N;CAZUCA;SOACHA;SOACHA CUNDINAMARCA;25754000;4.589262;-74.186049;;
9006053569;GRAFICARTON MK SAS;N;SECUND;BOGOTA;BOGOTA BOGOTA D. C.;11001000;4.62295;-74.12746;;
9006446807;BODEGAS DE RECICLAJES SAS;N;CAZUCA;CALLE 1 N° 58 - 68;SOACHA CUNDINAMARCA;25754000;4.59153;-74.18714;;
8600267594;CARTONES AMERICA;N;OCTAVA;CRA 49;MEDELLIN ANTIOQUIA;05001000;6.16752;-75.60144;6023876990;
8002254176;TRANSPORTE Y COMERCIO INTERNACIONAL LIMITADA EN REESTRUCTURACIÓN;N;PRIN;CR 2 NORTE   16 ESTE 181;IPIALES NARINO;52356000;;;;
9012599961;SABANA CARGO SAS;N;PRINCI;CR 68 A 38 H 76 SUR;BOGOTA BOGOTA D. C.;11001000;;;3138653099;
10112003312;CRISTIAN CAMILO JARAMILLO GONZALEZ - CASA GRANDE CERAMICAS;N;PRINCI;CR 56 A 52 A 86;BELLO ANTIOQUIA;05088000;6.25439;-75.57278;3136777616;
8220030124;EUROPLAZA S.A;N;TERC;CARRERA 23N # 10 - 08;ACACIAS META;50006000;3.98386;-73.76637;;
9015639411;TP PRODUCTOS FORMULADOS S.A.S;N;CUAR;BOGOTA, LA CARO;BRICENO SOPO CUNDINAMARCA;25758006;4.853730;-74.028920;;
9020257008;SOLUCIONES CAT S.A.S;N;PRINCI;DIAGONAL 3 A 7 A 02 ESTE;BOGOTA BOGOTA D. C.;11001000;;;3166938560;
9013266330;ORO CONSTRUCCION SAS;N;PRIN;CALLE 51 # 56A-111 CENTRO DE MEDELLIN;MEDELLIN ANTIOQUIA;05001000;6.25412;-75.57370;;
9010441228;INDUSTRIAL DE PAPELES SAS;N;SECUN;CAJAMARCA - IBAGUé;CAJAMARCA TOLIMA;73124000;4.442457;-75.415151;;
8600267594;CARTONES AMERICA;N;TERC;CALI CARTONES AMERICA;CALI VALLE DEL CAUCA;76001000;3.49006;-76.50362;;
9019865555;INVERSIONES TORRADO ASOCIADOS S;N;PRINCI;CR 38 # 74-60;BARRANQUILLA ATLANTICO;08001000;;;;
9016540639;PORCELATINO S.A.S;N;NEI;CRA 57 NO 17 01 NEIVA;NEIVA HUILA;41001000;2.93850;-75.24251;;
8600267594;CARTONES AMERICA;N;NOV;PARQUE INDUSTRIAL CLAVERíA, KILOMETRO 7, JUAN MINA #BODEGA;BARRANQUILLA ATLANTICO;08001000;10.95994;-74.88793;3242006269;
8020058205;DITAR SA;N;PRINCI;PARQUE INDUSTRIAL CLAVERíA, KILOMETRO 7, JUAN MINA #BODEGA 1;BARRANQUILLA ATLANTICO;08001000;10.95994;-74.88793;3242006269;
9005431841;TUBOS MOSQUERA  SAS;N;PRINCI;PARQUE SAN JORGE BG 37 KM 19 BARRIO MOSQUERA;MOSQUERA CUNDINAMARCA;25473000;4.71387;-74.23333;3108063211;
9010125058;TOLUA MADERAS Y HERRAJES SAS;N;DOC;CALI VALLE DEL CAUCA;CALI VALLE DEL CAUCA;76001000;3.45176;-76.52709;;
9014540988;GRUPO SOLUPISOS SAS;N;PRINCI;CR 56 C # 51-115;MEDELLIN ANTIOQUIA;05001000;6.25543;-75.57361;;
9000425432;SIVAL TRIPLEX SAS;N;PRINCI;CR 19 B #24-27 SUR;BOGOTA BOGOTA D. C.;11001000;4.58190;-74.10535;;
171808965;PERILLA HUMBERTO;N;PRINCI;CL 57 SUR 19 B 50;BOGOTA BOGOTA D. C.;11001000;4.56726;-74.73615;;
171328258;MADERAS FIDEL PERILLA;N;PRINCI;CALLE 51 B SUR 17A 02-08;BOGOTA BOGOTA D. C.;11001000;4.58867;-74.13924;;
808306001;JOHAN ARMANDO GARCIA PLATA;N;PRINCI;CR 87 I 42-32 SUR;BOGOTA BOGOTA D. C.;11001000;4.63524;-74.16984;;
9019295878;AGUDELO VASCO MARTHA LUCY;N;PRINCI;CARRERA 25 17 02;MANIZALES CALDAS;17001000;5.06584;-75.52074;3207393696;
9017269301;PUNTO INTEGRAL COCINAS SAS;N;PRINCI;CALLE 19A # 04 ESTE-21;MOSQUERA CUNDINAMARCA;25473000;4.708713;-74.217116;3208360174;
9001676176;SANEAMIENTO AMBIENTAL Y SANITARIO SAS;N;SECUN;CIUDAD LIMPIA MOSQUERA CUNDINAMARCA;MOSQUERA CUNDINAMARCA;25473000;4.68511;-74.26996;;
9001676176;SANEAMIENTO AMBIENTAL Y SANITARIO SAS;N;PINC;CLL 16, SECTOR EN DESARROLLO, COMUNA 17, SECTOR EN DESARROLL;CALI VALLE DEL CAUCA;76001000;3.372173;-76.529217;;
8600267594;CARTONES AMERICA;N;QUITO;BOGOTA-MOSQUERA KILOMETRO 7;MOSQUERA CUNDINAMARCA;25473000;4.69812;-74.21295;;
9005932528;PISOS Y PISOS GRAJALES SAS;N;PRINCI;CR 56 C  # 51-149;MEDELLIN ANTIOQUIA;05001000;6.25539;-75.57350;3045970007;
9014281535;LAMIRED SAS;N;PRINCI;AV 8 NORTE 25 NORTE 14 BRR SANTA MONICA;PALMIRA VALLE DEL CAUCA;76520000;3.497545;-76.467500;;
9004061583;EMPAQUES INDUSTRIALES DE COLOMBIA S.A.S.;N;SECUN;CL. 22D #120-19, BOGOTá;BOGOTA BOGOTA D. C.;11001000;4.691407;-74.153503;;
9019293420;GRÜNPACK COLOMBIA SAS;N;SECUND;CL 70N N° 2A 130;CALI VALLE DEL CAUCA;76001000;;;3024779040;
9019293420;GRÜNPACK COLOMBIA SAS;N;PRINCI;CL. 17A #32-35, BOGOTá;BOGOTA BOGOTA D. C.;11001000;4.618538;-74.091439;3158188020;
8220030124;EUROPLAZA S.A;N;SECUN;CALLE 15 # 27A-176;YUMBO VALLE DEL CAUCA;76892000;;;3173731479;
8220030124;EUROPLAZA S.A;N;PRINCI;CL 26 C 36 17 BRR SIETE DE AGOSTO;VILLAVICENCIO META;50001000;4.14748;-73.63508;6086680091;
8903002343;ASHE S.A.S.;N;CUAR;INDUTRIAL ARRONYONDO YUMBO;YUMBO VALLE DEL CAUCA;76892000;;;;
9014296032;DISTRIPACKING COLOMBIA SAS;N;TER;CALI VALLE DEL CAUCA;CALI VALLE DEL CAUCA;76001000;;;;
9014296032;DISTRIPACKING COLOMBIA SAS;N;SECUN;YUMBO;YUMBO VALLE DEL CAUCA;76892000;;;3144641930;
9014296032;DISTRIPACKING COLOMBIA SAS;N;PRINCI;CR 13 A 5 A 20 B G 14;MOSQUERA CUNDINAMARCA;25473000;4.73187;-74.21655;3144641930;
9010125058;TOLUA MADERAS Y HERRAJES SAS;N;DOCEAV;CALI COLOMBIA;CALI VALLE DEL CAUCA;76001000;;;;
8903182310;FERPLASTICOS SAS;N;PRINCI;CARRERA 39 13 129;YUMBO VALLE DEL CAUCA;76892000;;;;
9000062560;ROMEFLEX  SAS;N;SECUND;YUMBO;YUMBO VALLE DEL CAUCA;76892000;;;3112630718;
9000062560;ROMEFLEX  SAS;N;PRINCI;CR 72M BIS 37A 35 SUR;BOGOTA BOGOTA D. C.;11001000;;;3112630718;
9017182624;ELECTROLED JP S.A.S;N;PRINCI;CL 46 SUR 20   41;BOGOTA BOGOTA D. C.;11001000;;;3125908323;
9017182624;ELECTROLED JP S.A.S;N;SECUN;CL 46 SUR 20   41;YUMBO VALLE DEL CAUCA;76892000;;;3125908323;
10245365064;JUAN CAMILO LUNA FERNANDEZ;N;SECUN;CARRERA 7 # 39 A - 13 LEON XII;SOACHA CUNDINAMARCA;25754000;;;3112117168;
10245365064;JUAN CAMILO LUNA FERNANDEZ;N;PRINCI;CALLE 15 # 27A-176 (KM 4 AUTOPISTA CALI-YUMBO) BODEGA 5 - BL;YUMBO VALLE DEL CAUCA;76892000;;;3112117168;
8300299327;DECORADOS Y ACABADOS CERAMICOS SAS;N;TER;YUMBO;YUMBO VALLE DEL CAUCA;76892000;;;3142079413;
8300299327;DECORADOS Y ACABADOS CERAMICOS SAS;N;SECUN;BUENAVENTURA;BUENAVENTURA VALLE DEL CAUCA;76109000;;;3142079413;
8300299327;DECORADOS Y ACABADOS CERAMICOS SAS;N;PRINCI;BOGOTA;BOGOTA BOGOTA D. C.;11001000;4.59274;-74.19435;3142079413;
8002487456;TODO CAJAS LTDA;N;SECUN;CL 17 A  SUR    29 B   39;BOGOTA BOGOTA D. C.;11001000;;;;
8002487456;TODO CAJAS LTDA;N;PRIN;CALLE 17 A SUR 29 B 39;BOGOTA BOGOTA D. C.;11001000;4.59493;-74.10893;;
9016540639;PORCELATINO S.A.S;N;TER;BOGOTA;BOGOTA BOGOTA D. C.;11001000;;;;
9016540639;PORCELATINO S.A.S;N;SECUN;CALLE 15 # 27A-176;YUMBO VALLE DEL CAUCA;76892000;3.524780;-76.504830;3173731479;
9016540639;PORCELATINO S.A.S;N;PRINCI;KM 15 VIA ALTERNA INTERNA AL PUERTO;BUENAVENTURA VALLE DEL CAUCA;76109000;3.881707;-76.965438;3174275762;
9014851221;MULTICOR;N;SECUN;CALLE 70 NORTE # 2A - 130;CALI VALLE DEL CAUCA;76001000;;;3108801323;
9014851221;MULTICOR;N;PRINCI;CL 66 A 72 B 15;BOGOTA BOGOTA D. C.;11001000;4.68189;-74.10088;3108801323;
9006193197;CORRUGRAF SAS;N;SECUND;CALI COLOMBIA;CALI VALLE DEL CAUCA;76001000;;;;
9006193197;CORRUGRAF SAS;N;PRINCI;CALLE 100 C SUR 50 83;LA ESTRELLA LA ESTRELLA ANTIOQUIA;05380000;6.118019;-75.635664;6042310939;
9010125058;TOLUA MADERAS Y HERRAJES SAS;N;SEXTA;ZIPAQUIRA;ZIPAQUIRA CUNDINAMARCA;25899000;;;6042310939;
9010125058;TOLUA MADERAS Y HERRAJES SAS;N;ONCE;IBAGUE;IBAGUE TOLIMA;73001000;4.44370;-75.23521;;
9013530447;LAMICORTES H&A SAS;N;SECUN;BOGOTA;BOGOTA BOGOTA D. C.;11001000;;;;
9013530447;LAMICORTES H&A SAS;N;PRINCI;CALI;CALI VALLE DEL CAUCA;76001000;;;3124006493;
9015646617;MDF XPRESS SAS;N;SECUN;CALI;CALI VALLE DEL CAUCA;76001000;;;;
9015646617;MDF XPRESS SAS;N;PRINCI;CR 19   52   63 SUR;BOGOTA BOGOTA D. C.;11001000;4.567868;-74.132812;;
9016903761;CARTONES Y PAPELES RAMIRO SIERRA SAS;N;SECUND;CALLE 70 NORTE # 2A 130;CALI VALLE DEL CAUCA;76001000;;;3162413540;
9016903761;CARTONES Y PAPELES RAMIRO SIERRA SAS;N;0;CR 29 A NO. 19 11 SUR;BOGOTA BOGOTA D. C.;11001000;4.59245;-74.10988;;
8605069171;CARTONERIA MOSQUERA;N;SECUN;CALL 20 SUR 29 B 41;MOSQUERA CUNDINAMARCA;25473000;;;;
8605069171;CARTONERIA MOSQUERA;N;PRIN;YUMBO;YUMBO VALLE DEL CAUCA;76892000;;;;
9016698812;CARTONFILM;N;SECUN;CR 64 #4G-31;BOGOTA BOGOTA D. C.;11001000;4.62623;-74.11936;;
9016698812;CARTONFILM;N;PRINCI;YUMBO;YUMBO VALLE DEL CAUCA;76892000;;;;
8901016761;FABRICA DE BOLSAS DE PAPEL UNIBOL SAS;N;SEC;CALI;CALI VALLE DEL CAUCA;76001000;;;;
9010125058;TOLUA MADERAS Y HERRAJES SAS;N;DECI;DUITAMA;DUITAMA BOYACA;15238000;5.81729;-73.029877;;
8600296432;LELLER SAS;N;SECUN;MOSQUERA;MOSQUERA CUNDINAMARCA;25473000;4.73187;-74.21655;;
8600296432;LELLER SAS;N;PRIN;YUMBO;YUMBO VALLE DEL CAUCA;76892000;;;7313115;
9011764806;JR CORP SA S;N;SECUN;BUENAVENTURA;BUENAVENTURA VALLE DEL CAUCA;76109000;;;;
9011764806;JR CORP SA S;N;PRIN;CALLE 26 #85D -55;BOGOTA BOGOTA D. C.;11001000;;;3134943067;
9005112899;MANUCHAR LOGISTIC SAS;N;SECUN;BUENAVENTURA;BUENAVENTURA VALLE DEL CAUCA;76109000;;;;
9005112899;MANUCHAR LOGISTIC SAS;N;PRINCI;CALLE 26 #85D -55;BOGOTA BOGOTA D. C.;11001000;;;3224056746;
8909039388;BANCOLOMBIA SAS;N;PRINCI;CARRERA 48 # 26 - 85;MEDELLIN ANTIOQUIA;05001000;;;;
9015639411;TP PRODUCTOS FORMULADOS S.A.S;N;QUIN;TOCANCIPA;TOCANCIPA CUNDINAMARCA;25817000;4.958350;-73.964420;;
8301224323;RECOLAM S.EN C.;N;CUAR;SIBATE;SIBATE CUNDINAMARCA;25740000;;;;
9011530345;APROREC S.A.S;N;CUAR;SIBATE;SIBATE CUNDINAMARCA;25740000;;;;
9003825907;CORPORACION ABURRA LIMPIO;N;SEC;YUMBO;YUMBO VALLE DEL CAUCA;76892000;;;4489656;
9003825907;CORPORACION ABURRA LIMPIO;N;PINC;VíA AL PEAJE COPACABANA COPACABANA, ANTIOQUIA;ITAGUI ANTIOQUIA;05360000;6.330740;-75.515020;;
9015639411;TP PRODUCTOS FORMULADOS S.A.S;N;SECUND;CALLE 6 # 38 - 07;NEIVA HUILA;41001000;;;;
8001653771;GRUPO DECOR S.A.S.;N;SECUND;CALLE 6 # 38 - 07;NEIVA HUILA;41001000;2.926168;-75.285314;;
8600267594;CARTONES AMERICA;N;CUARTA;CARTAGO VALLE DEL CAUCA;CARTAGO VALLE DEL CAUCA;76147000;4.75847;-75.90313;;
9014053080;ASOCIACION ECONMEDELLIN;N;CUAR;CR 55 90;ITAGUI ANTIOQUIA;05360000;;;;
8600039561;LITO-PRINT S.A;N;SECUND;KR 1;CALI VALLE DEL CAUCA;76001000;;;3335011;
8600039561;LITO-PRINT S.A;N;PRIN;CR 100 24 D 55;BOGOTA BOGOTA D. C.;11001000;4.68827;-74.11362;;
9006330065;C.P.K. SAS;N;SEP;LA ESTRELLA;LA ESTRELLA LA ESTRELLA ANTIOQUIA;05380000;;;;
9002514154;PROTISA COLOMBIA S A;N;TERC;CLL FUNZA;FUNZA CUNDINAMARCA;25286000;;;;
9008280443;DISTRIBUIDORA LAS CAMELIAS RR SAS;N;SECUND;CLL BELLO;BELLO ANTIOQUIA;05088000;;;;
9006261863;RECICLAJES BOGOTA N.S. S.A.S.;N;SEX;VIA SIBATE;SIBATE CUNDINAMARCA;25740000;;;3213221715;
9014557062;ECOAMBIENTAL RECICLAJE S.A.S.;N;SEX;VIA SIBATE;SIBATE CUNDINAMARCA;25740000;;;3213221715;
9006446807;BODEGAS DE RECICLAJES SAS;N;SEX;VIA SIBATE;SIBATE CUNDINAMARCA;25740000;;;;
8600267594;CARTONES AMERICA;N;DEC;VIA GUADALAJARA DE BUGA;GUADALAJARA DE BUGA VALLE DEL CAUCA;76111000;;;;
9014053080;ASOCIACION ECONMEDELLIN;N;TERC;VIA BELLO;BELLO ANTIOQUIA;05088000;;;3025612328;
9016766159;BOLPLAS O.C S.A.S;N;SECUN;R 6 B ESTE;CALI VALLE DEL CAUCA;76001000;;;3213161106;
9016766159;BOLPLAS O.C S.A.S;N;PRINC;CR 6 B ESTE 19 15;BOGOTA BOGOTA D. C.;11001000;;;3213161106;
8901016761;FABRICA DE BOLSAS DE PAPEL UNIBOL SAS;N;SECUND;SOLEDAD ATLANTICO;SOLEDAD ATLANTICO;08758000;;;;
8300946794;CENTRAL DE MADERAS G&C;N;TERC;CL 59;BOGOTA BOGOTA D. C.;11001000;;;;
8020130496;KARTON SAS;N;TERC;CL 54;BOGOTA BOGOTA D. C.;11001000;;;8276404;
8600267594;CARTONES AMERICA;N;NOVE;BOGOTA;BOGOTA BOGOTA D. C.;11001000;4.62307;-74.12755;;
9003014887;CENCORE SAS;N;TERC;BOGOTA;BOGOTA BOGOTA D. C.;11001000;;;;
9002481592;COLOMBIANA TISSUE S.A.S.;N;CUART;YOTOCO;YOTOCO VALLE DEL CAUCA;76890000;;;6669777;
9002481592;COLOMBIANA TISSUE S.A.S.;N;TERC;CARTAGO VALLE DEL CAUDA;CARTAGO VALLE DEL CAUCA;76147000;;;6669777;
9009161211;ATICA;N;QUIN;YOTOCO;YOTOCO VALLE DEL CAUCA;76890000;;;;
9004061583;EMPAQUES INDUSTRIALES DE COLOMBIA S.A.S.;N;CUAR;TV 5 P;YOTOCO VALLE DEL CAUCA;76890000;;;9004061;
9009161211;ATICA;N;CUAR;CARTAGO VALLE DEL CAUDA;CARTAGO VALLE DEL CAUCA;76147000;;;;
9004061583;EMPAQUES INDUSTRIALES DE COLOMBIA S.A.S.;N;TERC;CR 52 D;CARTAGO VALLE DEL CAUCA;76147000;;;5169256;
9002514154;PROTISA COLOMBIA S A;N;SECU;COTA;COTA CUNDINAMARCA;25214000;;;;
9008280443;DISTRIBUIDORA LAS CAMELIAS RR SAS;N;TERC;COTA;COTA CUNDINAMARCA;25214000;;;6045217;
9014053080;ASOCIACION ECONMEDELLIN;N;SECUN;CL 46 -1;LA ESTRELLA LA ESTRELLA ANTIOQUIA;05380000;;;;
9006330065;C.P.K. SAS;N;SEX;CLL;CARTAGO VALLE DEL CAUCA;76147000;;;2918639;
9006330065;C.P.K. SAS;N;QUI;CLL;ITAGUI ANTIOQUIA;05360000;;;2918639;
9014338191;AMBIENTAL LOGÍSTICA INTEGRAL S.A.S;N;TERC;VIA CARTAGO;CARTAGO VALLE DEL CAUCA;76147000;;;4285563;
9014338191;AMBIENTAL LOGÍSTICA INTEGRAL S.A.S;N;SECUND;VIA ITAGUI;ITAGUI ANTIOQUIA;05360000;;;4285563;
8903202507;COLOMBIANA DE MOLDEADOS SAS COMOLSA;N;TERC;VIA YOTOCO;YOTOCO VALLE DEL CAUCA;76890000;;;3295050;
8903202507;COLOMBIANA DE MOLDEADOS SAS COMOLSA;N;SECUND;VIA CARTAGO;CARTAGO VALLE DEL CAUCA;76147000;;;2395050;
8170026761;PAPELES DEL CAUCA SA;N;SECUND;VIA CARTAGO;CARTAGO VALLE DEL CAUCA;76147000;;;3183343600;
8170026761;PAPELES DEL CAUCA SA;N;TERC;VIA YOTOCO;YOTOCO VALLE DEL CAUCA;76890000;;;3183343600;
8600267594;CARTONES AMERICA;N;OCT;CALLE 70 NORTE;YOTOCO VALLE DEL CAUCA;76890000;;;;
8600267594;CARTONES AMERICA;N;SEP;AV 1 3;GUADALAJARA DE BUGA VALLE DEL CAUCA;76111000;;;;
9008776276;ASOCIACION DE RECICLADORES AMBIENTALES Y PROTECCION AMBIENTAL ARYPA;N;CUAR;CALLE 1B;CARTAGO VALLE DEL CAUCA;76147000;;;;
9008835226;ASOCIACION DE RECICLADORES AMBIENTALES J.A.G.;N;TERC;VIA YOTOCO;YOTOCO VALLE DEL CAUCA;76890000;;;;
9008776276;ASOCIACION DE RECICLADORES AMBIENTALES Y PROTECCION AMBIENTAL ARYPA;N;TERC;CALLE 1B N13;CARTAGO VALLE DEL CAUCA;76147000;;;;
9008835226;ASOCIACION DE RECICLADORES AMBIENTALES J.A.G.;N;SECUND;VIA CARTAGO;CARTAGO VALLE DEL CAUCA;76147000;;;;
9011530345;APROREC S.A.S;N;TER;CLL 15;YOTOCO VALLE DEL CAUCA;76890000;;;6080001;
9011530345;APROREC S.A.S;N;SECUND;CLL 15;CARTAGO VALLE DEL CAUCA;76147000;;;6080001;
8301224323;RECOLAM S.EN C.;N;TERC;AV 6;CARTAGO VALLE DEL CAUCA;76147000;;;4204900;
8301224323;RECOLAM S.EN C.;N;SECUN;CALLE 15 N° 59 - 21;YOTOCO VALLE DEL CAUCA;76890000;;;;
9010688021;RECICLAMAS GESTORES AMBIENTALES SAS;N;TER;CLL AV;YOTOCO VALLE DEL CAUCA;76890000;;;2674580;
9010688021;RECICLAMAS GESTORES AMBIENTALES SAS;N;SECUND;CLL;CARTAGO VALLE DEL CAUCA;76147000;;;;
9010441228;INDUSTRIAL DE PAPELES SAS;N;TER;CLL;YOTOCO VALLE DEL CAUCA;76890000;;;3167410530;
9010299782;GESTIÓN AMBIENTAL VILLAPAPEL;N;CUAR;AV 3;CARTAGO VALLE DEL CAUCA;76147000;;;;
9010441228;INDUSTRIAL DE PAPELES SAS;N;SEC;CLL;CARTAGO VALLE DEL CAUCA;76147000;;;3167410530;
9010299782;GESTIÓN AMBIENTAL VILLAPAPEL;N;TERC;SOACHA CHUSACA;SOACHA CUNDINAMARCA;25754000;4.543950;-74.245265;;
9006446807;BODEGAS DE RECICLAJES SAS;N;QUIN;CALLE 1 N° 58 - 68;YOTOCO VALLE DEL CAUCA;76890000;;;;
9014557062;ECOAMBIENTAL RECICLAJE S.A.S.;N;QUIN;CL 56 1;YOTOCO VALLE DEL CAUCA;76890000;;;;
9006261863;RECICLAJES BOGOTA N.S. S.A.S.;N;QUIN;CL 56 1;YOTOCO VALLE DEL CAUCA;76890000;;;;
9006261863;RECICLAJES BOGOTA N.S. S.A.S.;N;CUAR;CALLE 56 N° 1 51 ESTE;CARTAGO VALLE DEL CAUCA;76147000;;;;
9014557062;ECOAMBIENTAL RECICLAJE S.A.S.;N;CUAR;CL 1;CARTAGO VALLE DEL CAUCA;76147000;;;;
9006261863;RECICLAJES BOGOTA N.S. S.A.S.;N;TERC;BOGOTA;BOGOTA BOGOTA D. C.;11001000;;;;
9006446807;BODEGAS DE RECICLAJES SAS;N;CUAR;CL 1;CARTAGO VALLE DEL CAUCA;76147000;;;;
9014557062;ECOAMBIENTAL RECICLAJE S.A.S.;N;TERC;BOGOTA;BOGOTA BOGOTA D. C.;11001000;;;;
9006446807;BODEGAS DE RECICLAJES SAS;N;TER;BOGOTA;BOGOTA BOGOTA D. C.;11001000;;;;
9006330065;C.P.K. SAS;N;CUAR;TOCANCIPA;TOCANCIPA CUNDINAMARCA;25817000;;;;
9006330065;C.P.K. SAS;N;TERC;GIRARDOTA;GIRARDOTA ANTIOQUIA;05308000;;;;
9005774122;PROYECTOS PAPELEROS DE COLOMBIA PROPELCO S A S;N;TERC;CALLE 72W N° 28D;PEREIRA RISARALDA;66001000;;;7075766;
206544217;NEW YORK INDUSTRIAL Y COMERCIAL;N;SECUND;CALLE 70 NORTE # 2A 130;CALI VALLE DEL CAUCA;76001000;;;3164030322;
9016226481;EMPAQUES Y PAPELES WY SAS;N;PRINCI;CR 81 D 5B 61 SUR;BOGOTA BOGOTA D. C.;11001000;;;3102751891;
8110389381;CORES Y TUBOS SAS;N;SECUND;CALLE 70 NORTE N° 2A - 130;CALI VALLE DEL CAUCA;76001000;;;;
9008776276;ASOCIACION DE RECICLADORES AMBIENTALES Y PROTECCION AMBIENTAL ARYPA;N;SECUN;CLL 1;BARBOSA SANTANDER;68077000;;;;
8902048033;COIMPRESIONES DEL ORIENTE;N;TER;CR 12 # 42 37;CUCUTA NORTE DE SANTANDER;54001000;;;;
8902048033;COIMPRESIONES DEL ORIENTE;N;SECUN;CLL 70 NORTE 2A 130;CALI VALLE DEL CAUCA;76001000;;;6985081;
8902048033;COIMPRESIONES DEL ORIENTE;N;PRINCI;CR 12 #42-37;BUCARAMANGA SANTANDER;68001000;7.11491;-73.12818;;
9014053080;ASOCIACION ECONMEDELLIN;N;PRINCI;CRR 55 90-51;MEDELLIN ANTIOQUIA;05001000;;;3025612328;
8903002343;ASHE S.A.S.;N;TERC;CALLE 3 N° 34A 70;BOGOTA BOGOTA D. C.;11001000;4.607418;-74.106062;6012601709;
8600357481;CENTRAL DE EMPAQUES LTDA;N;SECUND;CALLE 70 NORTE N° 2A - 130;CALI VALLE DEL CAUCA;76001000;;;2177369;
8600357481;CENTRAL DE EMPAQUES LTDA;N;PRINCI;CR 22 65 43;BOGOTA BOGOTA D. C.;11001000;;;2124761;
9008280443;DISTRIBUIDORA LAS CAMELIAS RR SAS;N;PRINCI;CRA 55 90 29;MEDELLIN ANTIOQUIA;05001000;;;6045217;
8300329002;DERIVADOS DEL CARTON Y PAPEL DECARPEL;N;SECUN;CR 31 A 30;CALI VALLE DEL CAUCA;76001000;;;2372828;
9015855070;DISTRIBUIDORA DE PAPELES CBN SAS;N;SECUN;AV 70;CALI VALLE DEL CAUCA;76001000;;;3102401500;
9015855070;DISTRIBUIDORA DE PAPELES CBN SAS;N;PRINCI;CRR 68 # 5-17;BOGOTA BOGOTA D. C.;11001000;4.60528;-74.09320;3102401500;
9010125058;TOLUA MADERAS Y HERRAJES SAS;N;QUIN;AV SOGOMSO;SOGAMOSO BOYACA;15759000;5.71315;-72.93779;;
170999001;RAMIRO SIERRA;N;SECUN;CLL 70 NORTE 2A 130;CALI VALLE DEL CAUCA;76001000;;;7245415;
170999001;RAMIRO SIERRA;N;PRINCI;CARRA 29 A 19 -11 SUR;BOGOTA BOGOTA D. C.;11001000;;;7245415;
206544217;NEW YORK INDUSTRIAL Y COMERCIAL;N;secun;CR 57 14 39 BG;CALI VALLE DEL CAUCA;76001000;;;3164030322;
206544217;NEW YORK INDUSTRIAL Y COMERCIAL;N;PRINCI;CR 20 12 43;BOGOTA BOGOTA D. C.;11001000;4.63184;-74.11007;3164030322;
11442093251;IVAN ALEJNDRO PEREZ;N;SECUN;CLL;ARMENIA QUINDIO;63001000;;;3136190653;
11442093251;IVAN ALEJNDRO PEREZ;N;PRINCI;CL 61 AN 2 FN 74;YUMBO VALLE DEL CAUCA;76892000;;;3136190653;
8600267594;CARTONES AMERICA;N;SEX;CRR ANTIOQUIA;LA ESTRELLA LA ESTRELLA ANTIOQUIA;05380000;;;6818888;
9007330412;ALDAPLAST L.D SAS;N;SECUND;CALLE 70 NORTE N° 2A - 130;CALI VALLE DEL CAUCA;76001000;;;6026924;
9007330412;??ALDAPLAST L.D SAS;N;PRINCI;CALLE 76A N°  87A 25;BOGOTA BOGOTA D. C.;11001000;;;6026924;
9006330065;C.P.K. SAS;N;SECUN;CALLE 6 N° 2 -10,;GACHANCIPA CUNDINAMARCA;25295000;;;;
9012594573;LAMINADOS Y ENCHAPADOS SAS;N;SECUN;CLL;BUENAVENTURA VALLE DEL CAUCA;76109000;3.890655;-77.004578;;
8110236981;MASTERCAJAS S.A.S.;N;SECUN;CALLE 70 NORTE # 2A 130;CALI VALLE DEL CAUCA;76001000;;;;
8110236981;MASTERCAJAS S.A.S.;N;PRINCI;CL 79 SUR 50 281;LA ESTRELLA LA ESTRELLA ANTIOQUIA;05380000;;;3147907678;
8002198450;EMPAQUES NACIONALES LTDA;N;SECUND;CL 70 NORTE 2A 130;CALI VALLE DEL CAUCA;76001000;;;;
11105741287;VILLANUEVA CUARTAS CAROL NATHALIA - GRAFICAJAS;N;SECUND;CALLE 70 NORTE N° 2A - 130;CALI VALLE DEL CAUCA;76001000;;;3875990;
11105741287;VILLANUEVA CUARTAS CAROL NATHALIA - GRAFICAJAS;N;PRINCI;CL 23 5 A 21 BRR EL CARMEN;IBAGUE TOLIMA;73001000;4.44107;-75.22826;3506670812;
9003948483;OBRACOL;N;SECUN;TV;YUMBO VALLE DEL CAUCA;76892000;;;3023012350;
9003948483;OBRACOL;N;PRINCI;TV 72A #44 G 27 SUR;BOGOTA BOGOTA D. C.;11001000;;;3023012350;
9000842144;CAJASPRINT S A;N;SECUN;CLL 70 NORTE 2A 130;CALI VALLE DEL CAUCA;76001000;;;3117191169;
9000842144;CAJASPRINT S A;N;PRINCI;CALLE 97 SUR 50 204, LA ESTRELLA, ANTIOQUIA;ITAGUI ANTIOQUIA;05360000;6.13294;-75.63531;3117191169;
8909196835;RESTREPO GONZALEZ Y COMPAÑIA TUBOS ANTIOQUIA S A S;N;SECUN;CL 70 NORTE 2A 130;CALI VALLE DEL CAUCA;76001000;;;3876990;
9003860603;CARTONES RICAUTE SAS;N;SECUN;CL 70 NORTE 2A 130;CALI VALLE DEL CAUCA;76001000;;;5681858;
9003860603;CARTONES RICAUTE SAS;N;PRINCI;TV 5 Q # 48 L SUR - 22;BOGOTA BOGOTA D. C.;11001000;4.55719;-74.11459;;
8600267594;CORAME;N;QUIN;CLL 10 20 650;YUMBO VALLE DEL CAUCA;76892000;;;;
9008737821;PLATINUM CARGA SAS;N;PRINCI;CL 24 # 95 A - 80 OF 701;BOGOTA BOGOTA D. C.;11001000;;;;
8914003788;PAPELES NACIONALES SA;N;TERC;CARTAGO VALLE DEL CAUDA;CARTAGO VALLE DEL CAUCA;76147000;4.75951;-75.90430;6012111000;
9013194747;INVERSIONES TRULLIJO QUINTERO SAS;N;PRINCI;CL. 24D #72 A 38,;BOGOTA BOGOTA D. C.;11001000;;;3132922746;
9006133333;COMTUCAR SAS;N;SECUN;CL 70 NORTE 2A 130;CALI VALLE DEL CAUCA;76001000;;;9210288;
9003118868;INGENIERIA DE TUBOS DE CARTON S A S;N;SECUN;CALLE 70 NORTE # 2A 130;CALI VALLE DEL CAUCA;76001000;;;6818888;
9000336339;TRANSPORTES PORTILLA SAS;N;PRINCI;CRR25 A 12-170 PARCELACION LA Y ARROYOHONDO;YUMBO VALLE DEL CAUCA;76892000;;;3136775315;
8903002343;ASHE S.A.S.;N;SECUN;CL 70 NORTE 2A 130;CALI VALLE DEL CAUCA;76001000;;;5244044;
9013452045;MARPRINT SAS;N;SECUN;CL 70 NORTE 2A 130;CALI VALLE DEL CAUCA;76001000;;;;
8002167244;LEGARCHIVO SAS;N;PRINCI;CR 59 N° 5 C 51;BOGOTA BOGOTA D. C.;11001000;;;4144590;
8002167244;LEGARCHIVO SAS;N;SECUN;CALLE 70 NORTE # 2A 130;CALI VALLE DEL CAUCA;76001000;;;6818888;
9006053569;GRAFICARTON MK SAS;N;SECUN;CALLE 70 NORTE # 2A 130;CALI VALLE DEL CAUCA;76001000;;;6818888;
9006053569;GRAFICARTON MK SAS;N;PRINCI;CR 58 5B 50 BRR SAN GABRIEL;BOGOTA BOGOTA D. C.;11001000;4.60506;-74.09320;3112088547;
8300668247;CARTONAR S A S;N;SECUN;CL 70 NORTE 2A 130;CALI VALLE DEL CAUCA;76001000;;;3133909722;
8300668247;CARTONAR S A S;N;PRINCI;CR30 12B 17;BOGOTA BOGOTA D. C.;11001000;;;3133909722;
9016247471;CUPPERT S.A.S;N;SECUN;CL 70 NORTE 2A 130;CALI VALLE DEL CAUCA;76001000;;;3876990;
9016247471;CUPPERT S.A.S;N;PRINCI;CR 40 D # 2D 03;BOGOTA BOGOTA D. C.;11001000;4.61136;-74.10060;3107619520;
8001381312;EXICARTON S A S;N;SECUN;CL 70 NORTE 2A 130;CALI VALLE DEL CAUCA;76001000;;;3288777;
9015639411;TP PRODUCTOS FORMULADOS S.A.S;N;TERC;PARAJE LA MARINA PUENTE BOLíVAR, VíA PEREIRA  CARTAGO, EN PEREIRA (RISARALDA  COLOMBIA);PEREIRA RISARALDA;66001000;;;3108679580;
9015639411;TP PRODUCTOS FORMULADOS S.A.S;N;SECUN;CL 70 NORTE 2A 130;CALI VALLE DEL CAUCA;76001000;3.53979;-76.49818;3108679580;
9014093777;EMPACKART SAS;N;SECUN;CL 66 A 17 48;BOGOTA BOGOTA D. C.;11001000;;;3214870893;
9014093777;EMPACKART SAS;N;PRINCI;CL 70 NORTE 2A 130;CALI VALLE DEL CAUCA;76001000;;;3214870893;
9003281161;PLECARTON DE COLOMBIA;N;SECUN;CL 70 NORTE 2A 130;CALI VALLE DEL CAUCA;76001000;;;2022850;
8600081986;INTERGRAFICAS SA;N;SECUN;CLL 70 NORTE 2A 130;CALI VALLE DEL CAUCA;76001000;;;7941810;
8600081986;INTERGRAFICAS SA;N;PRINCI;DIRECCIóN CRA 12 # 23 - 56;FUNZA CUNDINAMARCA;25286000;4.71855;-74.20289;;
9000524096;NUEVA IMAGEN PUBLICIDAD SAS;N;SECUN;CL 70 NORTE 2A 130;CALI VALLE DEL CAUCA;76001000;;;;
9000524096;NUEVA IMAGEN PUBLICIDAD SAS;N;PRINCI;CL 6A 32 24;BOGOTA BOGOTA D. C.;11001000;4.60609;-74.09923;;
9002909271;SAENZ HERMANOS SAS;N;SECUN;CL 70 NORTE 2A 130;CALI VALLE DEL CAUCA;76001000;;;3876990;
9003014887;CENCORE SAS;N;SECUN;CL 70 NORTE 2A 130;CALI VALLE DEL CAUCA;76001000;;;3876990;
8600267594;GRAFICARTON MK SAS;N;SECUN;PARAJE LA MARINA PUENTE BOLíVAR, VíA PEREIRA  CARTAGO, EN PEREIRA (RISARALDA  COLOMBIA);CARTAGO VALLE DEL CAUCA;76147000;;;2095000;
8300837068;LITOPAZ LTDA;N;SECUN;CL 70 NORTE 2A 130;CALI VALLE DEL CAUCA;76001000;;;3876990;
8914003788;PAPELES NACIONALES SA;N;SECUN;CL 70 NORTE 2A 130;CALI VALLE DEL CAUCA;76001000;3.49006;-76.50362;;
8300379660;PAMIS IMPORTADORES S.A.S;N;SECUN;CL 70 NORTE 2A 130;CALI VALLE DEL CAUCA;76001000;;;3876990;
8301033388;MANUFACTURAS ALGOTEX S.A.S;N;SECUN;CL 70 NORTE 2A 130;CALI VALLE DEL CAUCA;76001000;;;3876990;
793217691;BUITRAGO VIVAS;N;SECUN;CL 70 NORTE 2A 130;CALI VALLE DEL CAUCA;76001000;;;3876990;
793217691;BUITRAGO VIVAS;N;PRINCI;CR 31 A 10 20;BOGOTA BOGOTA D. C.;11001000;4.61173;-74.09611;;
8605081319;CARTONCAJAS LTDA;N;SECUN;CL 70 NORTE 2A 130;CALI VALLE DEL CAUCA;76001000;;;3876990;
9005141300;MC TUBOS DE CARTON S A S;N;SECUN;CL 70 NORTE 2A 130;CALI VALLE DEL CAUCA;76001000;;;3876990;
8020130496;KARTON SAS;N;SECUN;CL 70 NORTE 2A 130;CALI VALLE DEL CAUCA;76001000;;;3876990;
8300379660;PAMIS IMPORTADORES S.A.S;N;PRINCI;CRA 72 K 35B 45;BOGOTA BOGOTA D. C.;11001000;4.61659;-74.14183;;
9012479139;RECUPERADORA LA 35 S.A.S;N;PRIME;CRA 9 Nº9-15;PEREIRA RISARALDA;66001000;;;3113414409;
9012545586;CENTRAL DE LAMINAS Y CORTES SAS;N;SECUN;CALLE 45 A# NORTE 2N- 101;CALI VALLE DEL CAUCA;76001000;;;;
9014557062;ECOAMBIENTAL RECICLAJE S.A.S.;N;SECUN;CALLE 13 #31 A;CALI VALLE DEL CAUCA;76001000;;;;
9004712001;EMPACOLOR SAS;N;PRINCI;CRA. 90 #66A  28;BOGOTA BOGOTA D. C.;11001000;;;;
8600021538;ALMAVIVA S A;N;PRINCI;CRA. 34 #1230, ACOPI, YUMBO, VALLE DEL CAUCA;YUMBO VALLE DEL CAUCA;76892000;;;;
9010440853;COMERCIALIZADORA RECUPEREMOS EL MILAGRO S A S;N;PRINCI;CALLE 68 G # 73-28;BOGOTA BOGOTA D. C.;11001000;;;;
8170008658;METALMECANICAS DEL SUR S A;N;PRINCI;PARQUE INDUSTRIAL Y COMERCIAL DEL CAUCA ETAPA 3 LOTE 4 Y 4A;GUACHENE CAUCA;19300000;;;;
9008776276;ASOCIACION DE RECICLADORES AMBIENTALES Y PROTECCION AMBIENTAL ARYPA;N;PRINCI;CALLE 1B N13A-05 B SAN BERNARDO;BOGOTA BOGOTA D. C.;11001000;;;;
9011599679;GRUPO EMPRESARIAL DISTRIBUIDORA LA 16 S A S;N;PRINCI;CR 16 16 A 17;CALI VALLE DEL CAUCA;76001000;;;;
8130014315;COLOMBIANA DE MINERALES LTDA;N;PRINCI;CRA 7 # 5-30 KM 3 VIA PALERMO;NEIVA HUILA;41001000;;;;
8600096942;CYRGO S.A.S.;N;PRINCI;CRA. 5 NO. 40   35 SUR;NEIVA HUILA;41001000;;;;
9008835226;ASOCIACION DE RECICLADORES AMBIENTALES J.A.G.;N;PRINCI;CARRERA 14# 58-79 SUR SAN BENITO ECA SAN BOLIVAR;BOGOTA BOGOTA D. C.;11001000;;;;
9006261863;RECICLAJES BOGOTA N.S. S.A.S.;N;SECUN;CL 3 4 190 PA INDUSTRIAL LA DOLORES;PALMIRA VALLE DEL CAUCA;76520000;;;;
8918001115;GERDAU DIACO S.A.S.;N;PRINCI;KM 2.5 VIA AUTODROMO DE TOCANCIPA TOCANCIPA CUNDINAMARCA;TOCANCIPA CUNDINAMARCA;25817000;;;;
8050177367;COMPAÑIA NACIONAL DE ESTRUCTURAS Y ACEROS S.A. CONALDESA;N;PRINCI;CL 3 4 190 PA INDUSTRIAL LA DOLORES;PALMIRA VALLE DEL CAUCA;76520000;;;;
9006446807;BODEGAS DE RECICLAJES SAS;N;SECUN;KM 7 VIA PUERTO LUCAS;VISTA HERMOSA META;50711000;;;;
9013519008;TRANSPORTADORA SAN MIGUEL SAS;N;PRINCI;CALLE 66A #44A-05 INT 203;MEDELLIN ANTIOQUIA;05001000;;;;
9003014887;CENCORE SAS;N;PRINCI;VIA MADRID MOSQUERA CUNDINAMARCA PARQUE INDUSTRIAL DE OCCIDENTE AVENIDA TRONCAL DE OCCIDENTE KM 19,;MOSQUERA CUNDINAMARCA;25473000;4.73187;-74.21655;;
9014851498;LOGISTICA C&L SAS;N;PRINCI;CALLE 71F SUR 80I-64 BOGOTA-BOSA;BOGOTA BOGOTA D. C.;11001000;;;3166938560;
9010299782;GESTIÓN AMBIENTAL VILLAPAPEL;N;SECUN;CARRERA 36 16-48;MOSQUERA CUNDINAMARCA;25473000;;;;
8001381312;EXICARTON S A S;N;PRINCI;CRA 90 A 64 C 15;BOGOTA BOGOTA D. C.;11001000;;;3288777;
8605230021;CEMEX COLOMBIA S.A.;N;PRINCI;CALLE 60 CON AVENIDA MIROLINDO, ZONA INDUSTRIAL EL PAPAYO, IBAGUE;IBAGUE TOLIMA;73001000;;;6039100;
9010299782;GESTIÓN AMBIENTAL VILLAPAPEL;N;PRINCI;CARRERA 36 #16 - 48;BOGOTA BOGOTA D. C.;11001000;4.620527;-74.095103;;
900671842;MJL CONSULTORES SAS;N;PRINCI;CALLE 161 # 54-25 TORRE 1 APTO 201;BOGOTA BOGOTA D. C.;11001000;;;3144248360;
8914003788;PAPELES NACIONALES SA;N;PRINCI;PARAJE LA MARINA PUENTE BOLíVAR, VíA PEREIRA  CARTAGO, EN PEREIRA (RISARALDA  COLOMBIA);PEREIRA RISARALDA;66001000;4.760273;-75.903482;;
8605176088;METAZA S A S;N;SECUN;CRA. 24 NO. 12  75;YUMBO VALLE DEL CAUCA;76892000;;;6959101;
8605176088;METAZA S A S;N;PRINCI;AV. CALLE 17 NO. 86-81;BOGOTA BOGOTA D. C.;11001000;;;3142975845;
9012916692;MADERPLAK SAS;N;PRINCI;CALLE 2 33 118 LOCAL 2 AV PANAMERICANA, PASTO, NARIÑO;PASTO NARINO;52001000;;;3116274760;
9010125058;TOLUA MADERAS Y HERRAJES SAS;N;NOVENA;PASTO NARINO;PASTO NARINO;52001000;;;;
8000594705;ESENTTIA S A;N;SECUND;FUNZA;FUNZA CUNDINAMARCA;25286000;;;;
8600476571;PRACO DIDACOL S A S;N;PRINCI;CALLE 99 NO 69 C 41;BOGOTA BOGOTA D. C.;11001000;;;;
8000594705;ESENTTIA S A;N;PRINCI;TOCANCIPA CUNDINAMARCA;TOCANCIPA CUNDINAMARCA;25817000;4.95926;-73.92683;;
8110389381;CORES Y TUBOS SAS;N;PRINCI;CARRERA 52 79 SUR 30;LA ESTRELLA LA ESTRELLA ANTIOQUIA;05380000;;;3014191845;
8903018861;FANALCA SA;N;PRINCI;CALLE 13 # 31A - 80;YUMBO VALLE DEL CAUCA;76892000;;;4893131;
9012545586;CENTRAL DE LAMINAS Y CORTES SAS;N;PRINCI;CR 25 A #7-89;BOGOTA BOGOTA D. C.;11001000;;;3114523613;
8600299951;ACERÍAS PAZ DEL RÍO;N;PRINCI;CALLE 100 13 21 OFICINA 601;BOGOTA BOGOTA D. C.;11001000;;;6517300;
8000048654;POSTELECTRAS;N;PRINCI;CARRERA 44 #59-121;COPACABANA ANTIOQUIA;05212000;;;3104209213;
8300946794;CENTRAL DE MADERAS G&C;N;SECUND;CARRERA 11 #11-30, BARRIO PLANADAS;MOSQUERA CUNDINAMARCA;25473000;4.73187;-74.21655;3133504470;
8300946794;CENTRAL DE MADERAS G&C;N;PRINCI;KM 3.31 VIA YALI - YOLOMBÓ;YALI ANTIOQUIA;05885000;;;3133504470;
8903002794;BANCO DE OCCIDENTE;N;PRINCI;CALLE 26 # 68B - 85;BOGOTA BOGOTA D. C.;11001000;;;3902058;
9010125058;TOLUA MADERAS Y HERRAJES SAS;N;OCTAVA;CARRERA 9 N° 8 - 60;PEREIRA RISARALDA;66001000;4.81232;-75.68577;3214642120;
9003281161;PLECARTON DE COLOMBIA;N;PRINCI;CALLE 18 A SUR NO. 29 A  88;BOGOTA BOGOTA D. C.;11001000;4.59326;-74.11001;3208998072;
9010688021;RECICLAMAS GESTORES AMBIENTALES SAS;N;PRINCI;TRANSVERSAL 124 #17 F - 88;BOGOTA BOGOTA D. C.;11001000;;;2674586;
8000553938;INGENIERIAS TRITURADOS Y CONCRETOS SA Y SE UTILIZARA COMO UNICASIGLA INTRI;N;SECUND;CALLE 14 20E YUMBO VALLE DEL CAUCA;YUMBO VALLE DEL CAUCA;76892000;;;;
8000553938;INGENIERIAS TRITURADOS Y CONCRETOS SA Y SE UTILIZARA COMO UNICASIGLA INTRI;N;PRINCI;CL 72 N° 9 - 55 OF 704;BOGOTA BOGOTA D. C.;11001000;;;3124333129;
9010125058;TOLUA MADERAS Y HERRAJES SAS;N;SEPTIM;VIA MADECENTRO GIRARDOTA,ANTIOQUIA;GIRARDOTA ANTIOQUIA;05308000;6.397420;-75.434080;3006612904;
9010125058;TOLUA MADERAS Y HERRAJES SAS;N;QUINAR;CALLE 45A # 55-104;MEDELLIN ANTIOQUIA;05001000;;;4751260;
9012394087;TRIPLEX Y TABLEX DEL VALLE SAS;N;pr;CALLE 70 7 T BIS 25, CALI, VALLE;CALI VALLE DEL CAUCA;76001000;;;6561130;
8301033388;MANUFACTURAS ALGOTEX S.A.S;N;PRINCI;CALLE 35C SUR # 26C - 21;BOGOTA BOGOTA D. C.;11001000;4.58603;-74.12088;;
8901016761;FABRICA DE BOLSAS DE PAPEL UNIBOL SAS;N;PRINCI;AUT AEROPUERTO KM 7 / SOLEDAD;SOLEDAD ATLANTICO;08758000;10.89687;-74.76864;;
8300329002;DERIVADOS DEL CARTON Y PAPEL DECARPEL;N;PRINCI;CARRERA 34 10-78 BODEGA DECARPEL;BOGOTA BOGOTA D. C.;11001000;4.61173;-74.09611;;
8600343137;BANCO DAVIVIENDA;N;PRINCI;CARRERA 13 #26-15;BOGOTA BOGOTA D. C.;11001000;;;3300000;
9014338191;AMBIENTAL LOGÍSTICA INTEGRAL S.A.S;N;PRINCI;AVENIDA 36 DIAGONAL 42CC-04;BELLO ANTIOQUIA;05088000;;;3017880596;
9001933576;PAPELES RR SAS;N;CUART;CALLE 9C SUR N° 50FF - 51;MEDELLIN ANTIOQUIA;05001000;;;;
8110332928;COOTRAMA;N;PRINCI;CALLE 73A #44-26;ITAGUI ANTIOQUIA;05360000;;;4485145;
9003118868;INGENIERIA DE TUBOS DE CARTON S A S;N;PRINCI;CARRERA 53 78 A SUR 40 INT 144;LA ESTRELLA LA ESTRELLA ANTIOQUIA;05380000;6.15774;-75.63221;3182407090;
9001933576;PAPELES RR SAS;N;TERCER;VIA 40 # 86-431 BOD 12  BODEGA BARRANQUILLA 1;BARRANQUILLA ATLANTICO;08001000;;;;
9013452045;MARPRINT SAS;N;PRINCI;CR 77 M 65 30 SUR;BOGOTA BOGOTA D. C.;11001000;4.60032;-74.18191;3186296606;
9001933576;PAPELES RR SAS;N;SECUND;CALLE 11 N° 29 - 53 RICAURTE;BOGOTA BOGOTA D. C.;11001000;;;;
9001933576;PAPELES RR SAS;N;PRINCI;CENTRO LOGISTICO ARROYOHONDO;CALI VALLE DEL CAUCA;76001000;;;;
285568559;GALINDO DIAZ DIANA MAYERLY;N;PRINCI;CARRERA 2 N° 9 - 56 CENTRO;PITALITO HUILA;41551000;1.85514;-76.04614;;
8002198450;EMPAQUES NACIONALES LTDA;N;PRINCI;CLL 18 SUR 32 - 23;BOGOTA BOGOTA D. C.;11001000;;;7207411;
9004929940;MUEBLES EL PAISA DE TOLUA SAS;N;PRINCI;CR 40 #28-97;TULUA VALLE DEL CAUCA;76834000;4.080239;-76.186964;;
361640725;FERRETERIA MUNDIAL;N;PRINCI;CL 3 #4-43 47;NEIVA HUILA;41001000;;;9887106;
361640725;FERRETERIA MUNDIAL;N;QUINAR;CL 3 #4-43 47;NEIVA HUILA;41001000;;;9887106;
9010125058;TOLUA MADERAS Y HERRAJES SAS;N;QUINTA;CALLE 31 N° 36 - 113;BARRANQUILLA ATLANTICO;08001000;10.97616;-74.77816;3005550002;
9010125058;TOLUA MADERAS Y HERRAJES SAS;N;CUATER;CR 14 #20-14;SANTA ROSA DE CABAL RISARALDA;66682000;;;2310939;
9014015381;CORMADERAS HOUSE SAS;N;PRINCI;TV 50 N° 18 - 744 NORTE;POPAYAN CAUCA;19001000;;;3146574578;
9010125058;TOLUA MADERAS Y HERRAJES SAS;N;TERCIA;AVENIDA CLL 72 #74A-63;BOGOTA BOGOTA D. C.;11001000;4.68937;-74.09802;;
9002909271;SAENZ HERMANOS SAS;N;PRINCI;CL 5 N° 24 - 23;BOGOTA BOGOTA D. C.;11001000;4.59857;-74.09602;3123210656;
9009609322;TABLEKO SOLUCIONES SAS;N;PRINCI;CALLE 17 N° 23 - 18;MANIZALES CALDAS;17001000;;;3136843576;
9010125058;TOLUA MADERAS Y HERRAJES SAS;N;SECUND;AVENIDA SIMÓN BOLÍVAR KM 5 GRAN MUELLE;BUENAVENTURA VALLE DEL CAUCA;76109000;3.883205;-76.968312;3187920495;
9010125058;TOLUA MADERAS Y HERRAJES SAS;N;PRINCI;CALLE 11 N° 13 - 33;YUMBO VALLE DEL CAUCA;76892000;3.882848;-76.968420;;
9006133333;COMTUCAR SAS;N;PRINCI;CRA. 53F #5C-43, BOGOTá;BOGOTA BOGOTA D. C.;11001000;4.625803;-74.112230;;
9005141300;MC TUBOS DE CARTON S A S;N;PRINCI;CARRERA 24 23 07;BOGOTA BOGOTA D. C.;11001000;4.61902;-74.08002;;
8903002343;ASHE S.A.S.;N;PRINCI;CR 49 46 A SUR 65;ENVIGADO ANTIOQUIA;05266000;6.16660;-75.60133;6045244044;
9009161211;ATICA SA;N;SECUND;CALLE 2 TRANSVERSAL 4 N° 12 9;PALMIRA VALLE DEL CAUCA;76520000;;;6667569;
9006330065;C.P.K. SAS;N;PRINCI;CL 79 51 38;MEDELLIN ANTIOQUIA;05001000;;;2918639;
9003699010;PERFICARTON S.A.S;N;PRINCI;CR 55 77 SUR 61;LA ESTRELLA LA ESTRELLA ANTIOQUIA;05380000;6.16020;-75.63729;;
9004299857;ECOPOSITIVA SAS ESP;N;PRINCI;CL 18 65 B 80;BOGOTA BOGOTA D. C.;11001000;;;3905789;
9000092722;GHC TRANSPORTES SAS;N;PRINCI;AV. 3N N° 22N 50;CALI VALLE DEL CAUCA;76001000;;;2396772;
9012594573;LAMINADOS Y ENCHAPADOS SAS;N;PRINCI;AV 1 MAYO N° 24 C 21;BOGOTA BOGOTA D. C.;11001000;4.58609;-74.10663;;
8903202507;COLOMBIANA DE MOLDEADOS SAS COMOLSA;N;PRINCI;VIA BUGA BUENAVENTURA KILOMETRO 1 5;BUGALAGRANDE VALLE DEL CAUCA;76113000;3.892144;-76.327362;;
8909196835;RESTREPO GONZALEZ Y COMPAÑIA TUBOS ANTIOQUIA S A S;N;PRINCI;CALLE 30 N° 40 - 10;ITAGUI ANTIOQUIA;05360000;6.165052;-75.607331;;
9002514154;PROTISA COLOMBIA S A;N;PRINCI;AUTOPISTA NORTE BOGOTA TUNJA VRD SAN MARTIN KM 45, GACHANCIP;GACHANCIPA CUNDINAMARCA;25295000;;;5893333;
323688636;MORA PINZON HERIBERTO;N;PRINCI;CL 16 A N° 81 F 66;BOGOTA BOGOTA D. C.;11001000;;;3015355614;
9002490162;NMTC LTDA;N;PRI;CL 16 A N° 81 F 66;BOGOTA BOGOTA D. C.;11001000;;;3015355614;
8605081319;CARTONCAJAS LTDA;N;PRINCI;CARRERA 22 65 43 47;BOGOTA BOGOTA D. C.;11001000;4.60527;-74.09321;;
9005730605;ANDIPAPELES SAS;N;PRINCI;CARRERA 12 B 3 - 35 SUR BARRIO CEVILLA;BOGOTA BOGOTA D. C.;11001000;4.60509;-74.09319;3155359712;
8020130496;KARTON SAS;N;PRINCI;VíA ZONA DE CONTENEDORES MOSQUERA, CUNDINAMARCA;MOSQUERA CUNDINAMARCA;25473000;4.73187;-74.21655;;
8600267594;CARTONES AMERICA;N;TERCER;AV 13 #7B-43 LOMA DE BOLIVAR;CUCUTA NORTE DE SANTANDER;54001000;;;;
8300837068;LITOPAZ LTDA;N;PRINCI;CR 72 N° 35 A 58 SUR;BOGOTA BOGOTA D. C.;11001000;4.61792;-74.14355;3188655960;
8300553532;CMPI S A S;N;PRINCI;CL 14 N° 57 36 P 3;BOGOTA BOGOTA D. C.;11001000;;;4142934;
8600267594;CARTONES AMERICA;N;SECUND;VíA ZONA DE CONTENEDORES MOSQUERA, CUNDINAMARCA;MOSQUERA CUNDINAMARCA;25473000;4.73187;-74.21655;;
9009161211;ATICA;N;PRINCI;DIRECCION KM 19 - 20 VIA MOSQUERA - MADRID;MOSQUERA CUNDINAMARCA;25473000;;;;
9002481592;COLOMBIANA TISSUE S.A.S.;N;PRINCI;CL 36 8 A 97 BRR EL TRONCAL;CALI VALLE DEL CAUCA;76001000;;;6669777;
8170026761;PAPELES DEL CAUCA SA;N;PRINCI;CRT CALI-PUERTO TEJADA 200 MTS DESPUES DEL PUENTE HORMIGUERO;PUERTO TEJADA CAUCA;19573000;3.299860;-76.473861;3183343600;
166525440;P & C;N;PRINCI;TRANSVERSAL 1 N° 1 - 148;CALI VALLE DEL CAUCA;76001000;;;3162414159;
9004061583;EMPAQUES INDUSTRIALES DE COLOMBIA S.A.S.;N;SECUND;CALLE 22D N° 120 - 19;BOGOTA BOGOTA D. C.;11001000;;;5169256;
9006446807;BODEGAS DE RECICLAJES SAS;N;PRINCI;CALLE 1 N° 58 - 68;SOACHA CUNDINAMARCA;25754000;4.589039;-74.185951;3106985777;
9006261863;RECICLAJES BOGOTA N.S. S.A.S.;N;PRINCI;CLL 12, ZONA INDUSTRIAL DE CAUCA, COMUNA 5, ZONA INDUSTRIAL;SOACHA CUNDINAMARCA;25754000;4.589039;-74.185951;3213221715;
8001653771;GRUPO DECOR S.A.S.;N;cali;AV PASOANCHO # 73 34;CALI VALLE DEL CAUCA;76001000;3.539679;-76.49818;;
9014557062;ECOAMBIENTAL RECICLAJE S.A.S.;N;PRINCI;CLL 12, ZONA INDUSTRIAL DE CAUCA, COMUNA 5, ZONA INDUSTRIAL;SOACHA CUNDINAMARCA;25754000;4.589039;-74.185951;3213221715;
9011530345;APROREC S.A.S;N;PRINCI;CALLE 15 N° 59 - 40;BOGOTA BOGOTA D. C.;11001000;4.63349;-74.11097;;
8001653771;GRUPO DECOR S.A.S.;N;PRINCI;CARRERA 42#75 83;ITAGUI ANTIOQUIA;05360000;6.18280;-75.59116;3228918643;
9010441228;INDUSTRIAL DE PAPELES SAS;N;PRINCI;CARRERA 65B N° 18A 30;BOGOTA BOGOTA D. C.;11001000;4.640036;-74.112096;3167410530;
9004061583;EMPAQUES INDUSTRIALES DE COLOMBIA S.A.S.;N;PRINCI;RECTA CALI - PASO DEL COMERCIO CAUCASECO;PALMIRA VALLE DEL CAUCA;76520000;3.483997;-76.480045;;
9015639411;TP PRODUCTOS FORMULADOS S.A.S;N;PRINCI;CALLE 2 SUR # 12 72;CAJICA CUNDINAMARCA;25126000;4.958350;-73.964420;3108679580;
8600267594;CARTONES AMERICA;N;PRINCI;CALLE 70 NORTE # 2A - 130;CALI VALLE DEL CAUCA;76001000;3.49006;-76.50362;;
8301224323;RECOLAM S.EN C.;N;PRINCI;CRA 60, 15, CENTRO INDUSTRIAL, PUENTE ARANDA, CENTRO INDUSTR;BOGOTA BOGOTA D. C.;11001000;4.633433;-74.111137;;
9013964745;TRANSPORTES JAIRO ROMERO SAS;N;PRINCI;PARQUEADERO RECODO;BOGOTA BOGOTA D. C.;11001000;;;3108618854;
9015051352;TRANSPORTES M&C SAS;N;PRINCI;CALLE 46 N° 1 - 31 E;SOACHA CUNDINAMARCA;25754000;;;3166948722;
9013195831;TRANSPORTES LOPEZ C SAS;N;PRINCI;CALLE 46 N° 1 - 31 E;SOACHA CUNDINAMARCA;25754000;;;3163972530;
